{
  "base_kn_bag-P101": {
    "own:ori_prob": 0.010826340626304411,
    "rm_own:ave_delta": 0.00014096981292969975,
    "rm_own:ave_delta_ratio": 0.013021002922002096,
    "eh_own:ave_delta": -0.00017955820470279556,
    "eh_own:ave_delta_ratio": -0.01658530900704609,
    "oth:ori_prob": [],
    "rm_oth:ave_delta": [],
    "rm_oth:ave_delta_ratio": null,
    "eh_oth:ave_delta": [],
    "eh_oth:ave_delta_ratio": null
  },
  "base_kn_bag-P176": {
    "own:ori_prob": 0.3881137673489207,
    "rm_own:ave_delta": -3.990960764529382e-05,
    "rm_own:ave_delta_ratio": -0.00010282966233819379,
    "eh_own:ave_delta": -0.0033907021968988746,
    "eh_own:ave_delta_ratio": -0.008736361557230144,
    "oth:ori_prob": [],
    "rm_oth:ave_delta": [],
    "rm_oth:ave_delta_ratio": null,
    "eh_oth:ave_delta": [],
    "eh_oth:ave_delta_ratio": null
  },
  "base_kn_bag-P1376": {
    "own:ori_prob": 0.5685815188690275,
    "rm_own:ave_delta": 0.0005317368212401665,
    "rm_own:ave_delta_ratio": 0.0009351989179983385,
    "eh_own:ave_delta": -0.00042658978711541024,
    "eh_own:ave_delta_ratio": -0.0007502702303162179,
    "oth:ori_prob": [],
    "rm_oth:ave_delta": [],
    "rm_oth:ave_delta_ratio": null,
    "eh_oth:ave_delta": [],
    "eh_oth:ave_delta_ratio": null
  },
  "base_kn_bag-P190": {
    "own:ori_prob": 0.012018812045770664,
    "rm_own:ave_delta": 2.0779821137637866e-06,
    "rm_own:ave_delta_ratio": 0.0001728941351150436,
    "eh_own:ave_delta": -4.9075901159107345e-05,
    "eh_own:ave_delta_ratio": -0.004083257228103239,
    "oth:ori_prob": [],
    "rm_oth:ave_delta": [],
    "rm_oth:ave_delta_ratio": null,
    "eh_oth:ave_delta": [],
    "eh_oth:ave_delta_ratio": null
  },
  "base_kn_bag-P1303": {
    "own:ori_prob": 0.012286498076391176,
    "rm_own:ave_delta": 4.027067368449908e-05,
    "rm_own:ave_delta_ratio": 0.0032776364293647044,
    "eh_own:ave_delta": -0.0002489896916206501,
    "eh_own:ave_delta_ratio": -0.020265309942064796,
    "oth:ori_prob": [],
    "rm_oth:ave_delta": [],
    "rm_oth:ave_delta_ratio": null,
    "eh_oth:ave_delta": [],
    "eh_oth:ave_delta_ratio": null
  },
  "base_kn_bag-P106": {
    "own:ori_prob": 0.012640491210959847,
    "rm_own:ave_delta": 0.00027461584030855486,
    "rm_own:ave_delta_ratio": 0.02172509246084133,
    "eh_own:ave_delta": -0.0003053030503445681,
    "eh_own:ave_delta_ratio": -0.024152783720925122,
    "oth:ori_prob": [],
    "rm_oth:ave_delta": [],
    "rm_oth:ave_delta_ratio": null,
    "eh_oth:ave_delta": [],
    "eh_oth:ave_delta_ratio": null
  },
  "base_kn_bag-P127": {
    "own:ori_prob": 0.049535907230379414,
    "rm_own:ave_delta": 0.00017216600381674156,
    "rm_own:ave_delta_ratio": 0.0034755799064310968,
    "eh_own:ave_delta": -0.00043682656510362575,
    "eh_own:ave_delta_ratio": -0.00881838225092057,
    "oth:ori_prob": [],
    "rm_oth:ave_delta": [],
    "rm_oth:ave_delta_ratio": null,
    "eh_oth:ave_delta": [],
    "eh_oth:ave_delta_ratio": null
  },
  "base_kn_bag-P103": {
    "own:ori_prob": 0.4265900332660202,
    "rm_own:ave_delta": -0.02075512313841363,
    "rm_own:ave_delta_ratio": -0.04865355849856624,
    "eh_own:ave_delta": 0.008759943987826061,
    "eh_own:ave_delta_ratio": 0.020534806968552376,
    "oth:ori_prob": [],
    "rm_oth:ave_delta": [],
    "rm_oth:ave_delta_ratio": null,
    "eh_oth:ave_delta": [],
    "eh_oth:ave_delta_ratio": null
  },
  "base_kn_bag-P37": {
    "own:ori_prob": 0.33477653657538453,
    "rm_own:ave_delta": -0.0005710223991811662,
    "rm_own:ave_delta_ratio": -0.0017056822590450099,
    "eh_own:ave_delta": -0.0005673633118402351,
    "eh_own:ave_delta_ratio": -0.0016947523193952304,
    "oth:ori_prob": [],
    "rm_oth:ave_delta": [],
    "rm_oth:ave_delta_ratio": null,
    "eh_oth:ave_delta": [],
    "eh_oth:ave_delta_ratio": null
  },
  "base_kn_bag-P108": {
    "own:ori_prob": 0.010465224075602835,
    "rm_own:ave_delta": -7.13609742742918e-05,
    "rm_own:ave_delta_ratio": -0.006818867303630204,
    "eh_own:ave_delta": -4.740904581329745e-05,
    "eh_own:ave_delta_ratio": -0.004530151047966597,
    "oth:ori_prob": [],
    "rm_oth:ave_delta": [],
    "rm_oth:ave_delta_ratio": null,
    "eh_oth:ave_delta": [],
    "eh_oth:ave_delta_ratio": null
  },
  "base_kn_bag-P138": {
    "own:ori_prob": 0.1015811579810137,
    "rm_own:ave_delta": -0.000714830877759604,
    "rm_own:ave_delta_ratio": -0.007037042025975047,
    "eh_own:ave_delta": 0.0007592574230579202,
    "eh_own:ave_delta_ratio": 0.007474392280503745,
    "oth:ori_prob": [],
    "rm_oth:ave_delta": [],
    "rm_oth:ave_delta_ratio": null,
    "eh_oth:ave_delta": [],
    "eh_oth:ave_delta_ratio": null
  },
  "base_kn_bag-P140": {
    "own:ori_prob": 0.1902723088033833,
    "rm_own:ave_delta": 0.0031067522194006365,
    "rm_own:ave_delta_ratio": 0.01632792621763464,
    "eh_own:ave_delta": -0.0029613309076958255,
    "eh_own:ave_delta_ratio": -0.015563646262136327,
    "oth:ori_prob": [],
    "rm_oth:ave_delta": [],
    "rm_oth:ave_delta_ratio": null,
    "eh_oth:ave_delta": [],
    "eh_oth:ave_delta_ratio": null
  },
  "base_kn_bag-P20": {
    "own:ori_prob": 0.020211117195178194,
    "rm_own:ave_delta": 7.775605260996751e-05,
    "rm_own:ave_delta_ratio": 0.003847192209073822,
    "eh_own:ave_delta": -0.0002237114321099684,
    "eh_own:ave_delta_ratio": -0.01106873162673757,
    "oth:ori_prob": [],
    "rm_oth:ave_delta": [],
    "rm_oth:ave_delta_ratio": null,
    "eh_oth:ave_delta": [],
    "eh_oth:ave_delta_ratio": null
  },
  "base_kn_bag-P47": {
    "own:ori_prob": 0.043912898858072966,
    "rm_own:ave_delta": 0.00021710950741149476,
    "rm_own:ave_delta_ratio": 0.004944094174087559,
    "eh_own:ave_delta": -0.0010087073488445073,
    "eh_own:ave_delta_ratio": -0.02297063903944629,
    "oth:ori_prob": [],
    "rm_oth:ave_delta": [],
    "rm_oth:ave_delta_ratio": null,
    "eh_oth:ave_delta": [],
    "eh_oth:ave_delta_ratio": null
  },
  "base_kn_bag-P19": {
    "own:ori_prob": 0.01660077734666986,
    "rm_own:ave_delta": 5.8332896723179845e-05,
    "rm_own:ave_delta_ratio": 0.0035138653753995146,
    "eh_own:ave_delta": 9.413662537937507e-05,
    "eh_own:ave_delta_ratio": 0.005670615502728793,
    "oth:ori_prob": [],
    "rm_oth:ave_delta": [],
    "rm_oth:ave_delta_ratio": null,
    "eh_oth:ave_delta": [],
    "eh_oth:ave_delta_ratio": null
  },
  "base_kn_bag-P264": {
    "own:ori_prob": 0.009213866227775777,
    "rm_own:ave_delta": 6.632845032394848e-05,
    "rm_own:ave_delta_ratio": 0.007198764197812772,
    "eh_own:ave_delta": -0.00012222052045925282,
    "eh_own:ave_delta_ratio": -0.01326484642145242,
    "oth:ori_prob": [],
    "rm_oth:ave_delta": [],
    "rm_oth:ave_delta_ratio": null,
    "eh_oth:ave_delta": [],
    "eh_oth:ave_delta_ratio": null
  },
  "base_kn_bag-P449": {
    "own:ori_prob": 0.03523131963692814,
    "rm_own:ave_delta": -8.550992206384591e-05,
    "rm_own:ave_delta_ratio": -0.0024270996075383346,
    "eh_own:ave_delta": -0.000373559915457034,
    "eh_own:ave_delta_ratio": -0.010603063390946122,
    "oth:ori_prob": [],
    "rm_oth:ave_delta": [],
    "rm_oth:ave_delta_ratio": null,
    "eh_oth:ave_delta": [],
    "eh_oth:ave_delta_ratio": null
  },
  "base_kn_bag-P178": {
    "own:ori_prob": 0.12103311869263496,
    "rm_own:ave_delta": 0.026955003531297372,
    "rm_own:ave_delta_ratio": 0.22270766731005193,
    "eh_own:ave_delta": -0.008908809848249311,
    "eh_own:ave_delta_ratio": -0.07360638100116497,
    "oth:ori_prob": [],
    "rm_oth:ave_delta": [],
    "rm_oth:ave_delta_ratio": null,
    "eh_oth:ave_delta": [],
    "eh_oth:ave_delta_ratio": null
  },
  "base_kn_bag-P36": {
    "own:ori_prob": 0.36339422610773814,
    "rm_own:ave_delta": 0.0033734227911224428,
    "rm_own:ave_delta_ratio": 0.009283094085601403,
    "eh_own:ave_delta": -0.0018966641619995285,
    "eh_own:ave_delta_ratio": -0.005219301864849142,
    "oth:ori_prob": [],
    "rm_oth:ave_delta": [],
    "rm_oth:ave_delta_ratio": null,
    "eh_oth:ave_delta": [],