{
  "kn_bag-P108": {
    "own:ori_prob": 0.010465224075602835,
    "rm_own:ave_delta": -0.004536666567090247,
    "rm_own:ave_delta_ratio": -0.4334992289048449,
    "eh_own:ave_delta": 0.02887824347273954,
    "eh_own:ave_delta_ratio": 2.759448174651344,
    "oth:ori_prob": [],
    "rm_oth:ave_delta": [],
    "rm_oth:ave_delta_ratio": null,
    "eh_oth:ave_delta": [],
    "eh_oth:ave_delta_ratio": null
  },
  "kn_bag-P106": {
    "own:ori_prob": 0.012640491210959847,
    "rm_own:ave_delta": -0.0030124405565626023,
    "rm_own:ave_delta_ratio": -0.23831673202309475,
    "eh_own:ave_delta": 0.008316466393554859,
    "eh_own:ave_delta_ratio": 0.6579227226821792,
    "oth:ori_prob": [],
    "rm_oth:ave_delta": [],
    "rm_oth:ave_delta_ratio": null,
    "eh_oth:ave_delta": [],
    "eh_oth:ave_delta_ratio": null
  },
  "kn_bag-P1412": {
    "own:ori_prob": 0.13453535689238236,
    "rm_own:ave_delta": -0.07791733290134426,
    "rm_own:ave_delta_ratio": -0.5791587780428007,
    "eh_own:ave_delta": 0.1669911656440455,
    "eh_own:ave_delta_ratio": 1.241243710957152,
    "oth:ori_prob": [],
    "rm_oth:ave_delta": [],
    "rm_oth:ave_delta_ratio": null,
    "eh_oth:ave_delta": [],
    "eh_oth:ave_delta_ratio": null
  },
  "kn_bag-P136": {
    "own:ori_prob": 0.007516800872719236,
    "rm_own:ave_delta": -0.002237675310356392,
    "rm_own:ave_delta_ratio": -0.29768984814771376,
    "eh_own:ave_delta": 0.011199560792769047,
    "eh_own:ave_delta_ratio": 1.4899371398031402,
    "oth:ori_prob": [],
    "rm_oth:ave_delta": [],
    "rm_oth:ave_delta_ratio": null,
    "eh_oth:ave_delta": [],
    "eh_oth:ave_delta_ratio": null
  },
  "kn_bag-P1303": {
    "own:ori_prob": 0.012286498076391176,
    "rm_own:ave_delta": -0.0031324900381899563,
    "rm_own:ave_delta_ratio": -0.2549538541180515,
    "eh_own:ave_delta": 0.012409281252146662,
    "eh_own:ave_delta_ratio": 1.0099933418775702,
    "oth:ori_prob": [],
    "rm_oth:ave_delta": [],
    "rm_oth:ave_delta_ratio": null,
    "eh_oth:ave_delta": [],
    "eh_oth:ave_delta_ratio": null
  },
  "kn_bag-P937": {
    "own:ori_prob": 0.04287589785161336,
    "rm_own:ave_delta": -0.021195264337187172,
    "rm_own:ave_delta_ratio": -0.4943398365799965,
    "eh_own:ave_delta": 0.09765321448293639,
    "eh_own:ave_delta_ratio": 2.2775782986725686,
    "oth:ori_prob": [],
    "rm_oth:ave_delta": [],
    "rm_oth:ave_delta_ratio": null,
    "eh_oth:ave_delta": [],
    "eh_oth:ave_delta_ratio": null
  },
  "kn_bag-P37": {
    "own:ori_prob": 0.33477653657538453,
    "rm_own:ave_delta": -0.11290548702697605,
    "rm_own:ave_delta_ratio": -0.33725627304096367,
    "eh_own:ave_delta": 0.18336157765566086,
    "eh_own:ave_delta_ratio": 0.5477133479286466,
    "oth:ori_prob": [],
    "rm_oth:ave_delta": [],
    "rm_oth:ave_delta_ratio": null,
    "eh_oth:ave_delta": [],
    "eh_oth:ave_delta_ratio": null
  },
  "kn_bag-P178": {
    "own:ori_prob": 0.12103311869263496,
    "rm_own:ave_delta": -0.003196794354286434,
    "rm_own:ave_delta_ratio": -0.02641255871795497,
    "eh_own:ave_delta": 0.012353319110407596,
    "eh_own:ave_delta_ratio": 0.1020656101721959,
    "oth:ori_prob": [],
    "rm_oth:ave_delta": [],
    "rm_oth:ave_delta_ratio": null,
    "eh_oth:ave_delta": [],
    "eh_oth:ave_delta_ratio": null
  },
  "kn_bag-P407": {
    "own:ori_prob": 0.2828095286133863,
    "rm_own:ave_delta": -0.054922152982262204,
    "rm_own:ave_delta_ratio": -0.19420191834251568,
    "eh_own:ave_delta": 0.14699516547078906,
    "eh_own:ave_delta_ratio": 0.5197673720242229,
    "oth:ori_prob": [],
    "rm_oth:ave_delta": [],
    "rm_oth:ave_delta_ratio": null,
    "eh_oth:ave_delta": [],
    "eh_oth:ave_delta_ratio": null
  },
  "kn_bag-P159": {
    "own:ori_prob": 0.13506435205126174,
    "rm_own:ave_delta": -0.01780370270185151,
    "rm_own:ave_delta_ratio": -0.13181644476474716,
    "eh_own:ave_delta": 0.026829606103138125,
    "eh_own:ave_delta_ratio": 0.19864313340766135,
    "oth:ori_prob": [],
    "rm_oth:ave_delta": [],
    "rm_oth:ave_delta_ratio": null,
    "eh_oth:ave_delta": [],
    "eh_oth:ave_delta_ratio": null
  },
  "kn_bag-P495": {
    "own:ori_prob": 0.05239269594842554,
    "rm_own:ave_delta": -0.019948224830729028,
    "rm_own:ave_delta_ratio": -0.3807443856366107,
    "eh_own:ave_delta": 0.023545795368465437,
    "eh_own:ave_delta_ratio": 0.44940988323340925,
    "oth:ori_prob": [],
    "rm_oth:ave_delta": [],
    "rm_oth:ave_delta_ratio": null,
    "eh_oth:ave_delta": [],
    "eh_oth:ave_delta_ratio": null
  },
  "kn_bag-P264": {
    "own:ori_prob": 0.009213866227775777,
    "rm_own:ave_delta": -0.0018952107882320372,
    "rm_own:ave_delta_ratio": -0.20569115519810843,
    "eh_own:ave_delta": 0.005620896589966722,
    "eh_own:ave_delta_ratio": 0.610047557780053,
    "oth:ori_prob": [],
    "rm_oth:ave_delta": [],
    "rm_oth:ave_delta_ratio": null,
    "eh_oth:ave_delta": [],
    "eh_oth:ave_delta_ratio": null
  },
  "kn_bag-P127": {
    "own:ori_prob": 0.049535907230379414,
    "rm_own:ave_delta": -0.008290449415665544,
    "rm_own:ave_delta_ratio": -0.1673624221134921,
    "eh_own:ave_delta": 0.030067911380533174,
    "eh_own:ave_delta_ratio": 0.6069922418235858,
    "oth:ori_prob": [],
    "rm_oth:ave_delta": [],
    "rm_oth:ave_delta_ratio": null,
    "eh_oth:ave_delta": [],
    "eh_oth:ave_delta_ratio": null
  },
  "kn_bag-P101": {
    "own:ori_prob": 0.010826340626304411,
    "rm_own:ave_delta": -0.004467406251708572,
    "rm_own:ave_delta_ratio": -0.4126423143249584,
    "eh_own:ave_delta": 0.010851498969781674,
    "eh_own:ave_delta_ratio": 1.0023238086021546,
    "oth:ori_prob": [],
    "rm_oth:ave_delta": [],
    "rm_oth:ave_delta_ratio": null,
    "eh_oth:ave_delta": [],
    "eh_oth:ave_delta_ratio": null
  },
  "kn_bag-P190": {
    "own:ori_prob": 0.012018812045770664,
    "rm_own:ave_delta": -0.00601241886207077,
    "rm_own:ave_delta_ratio": -0.50025067695326,
    "eh_own:ave_delta": 0.02603132878420196,
    "eh_own:ave_delta_ratio": 2.1658820093922846,
    "oth:ori_prob": [],
    "rm_oth:ave_delta": [],
    "rm_oth:ave_delta_ratio": null,
    "eh_oth:ave_delta": [],
    "eh_oth:ave_delta_ratio": null
  },
  "kn_bag-P364": {
    "own:ori_prob": 0.14848380170601055,
    "rm_own:ave_delta": -0.06424301607489583,
    "rm_own:ave_delta_ratio": -0.43266009717405624,
    "eh_own:ave_delta": 0.1900114803493741,
    "eh_own:ave_delta_ratio": 1.2796781747653927,
    "oth:ori_prob": [],
    "rm_oth:ave_delta": [],
    "rm_oth:ave_delta_ratio": null,
    "eh_oth:ave_delta": [],
    "eh_oth:ave_delta_ratio": null
  },
  "kn_bag-P413": {
    "own:ori_prob": 0.04619690335831583,
    "rm_own:ave_delta": -0.0055395024906175015,
    "rm_own:ave_delta_ratio": -0.11991068855095337,
    "eh_own:ave_delta": 0.007675343145254989,
    "eh_own:ave_delta_ratio": 0.1661441046323587,
    "oth:ori_prob": [],
    "rm_oth:ave_delta": [],
    "rm_oth:ave_delta_ratio": null,
    "eh_oth:ave_delta": [],
    "eh_oth:ave_delta_ratio": null
  },
  "kn_bag-P530": {
    "own:ori_prob": 0.013046584928149934,
    "rm_own:ave_delta": -0.0046729939083157155,
    "rm_own:ave_delta_ratio": -0.3581775563529304,
    "eh_own:ave_delta": 0.02005071634322973,
    "eh_own:ave_delta_ratio": 1.5368555414043523,
    "oth:ori_prob": [],
    "rm_oth:ave_delta": [],
    "rm_oth:ave_delta_ratio": null,
    "eh_oth:ave_delta": [],
    "eh_oth:ave_delta_ratio": null
  },
  "kn_bag-P140": {
    "own:ori_prob": 0.1902723088033833,
    "rm_own:ave_delta": -0.03062389633045079,
    "rm_own:ave_delta_ratio": -0.16094773077093316,
    "eh_own:ave_delta": 0.10247437359199355,
    "eh_own:ave_delta_ratio": 0.5385669319747667,
    "oth:ori_prob": [],
    "rm_oth:ave_delta": [],
    "rm_oth:ave_delta_ratio": null,
    "eh_oth:ave_delta": [],
    "eh_oth:ave_delta_ratio": null
  },
  "kn_bag-P36": {
    "own:ori_prob": 0.36339422610773814,
    "rm_own:ave_delta": -0.08088999069264746,
    "rm_own:ave_delta_ratio": -0.22259569602700682,
    "eh_own:ave_delta": 0.1151132538980792,