{
  "kn_bag-P138": {
    "own:ori_prob": 0.1015811579810137,
    "rm_own:ave_delta": -0.03172129683332485,
    "rm_own:ave_delta_ratio": -0.3122754009090328,
    "eh_own:ave_delta": 0.13303423547675536,
    "eh_own:ave_delta_ratio": 1.3096349571208912,
    "oth:ori_prob": [],
    "rm_oth:ave_delta": [],
    "rm_oth:ave_delta_ratio": null,
    "eh_oth:ave_delta": [],
    "eh_oth:ave_delta_ratio": null
  },
  "kn_bag-P140": {
    "own:ori_prob": 0.1902723088033833,
    "rm_own:ave_delta": -0.03062389633045079,
    "rm_own:ave_delta_ratio": -0.16094773077093316,
    "eh_own:ave_delta": 0.17006050205908751,
    "eh_own:ave_delta_ratio": 0.8937743128708154,
    "oth:ori_prob": [],
    "rm_oth:ave_delta": [],
    "rm_oth:ave_delta_ratio": null,
    "eh_oth:ave_delta": [],
    "eh_oth:ave_delta_ratio": null
  },
  "kn_bag-P1376": {
    "own:ori_prob": 0.5685815188690275,
    "rm_own:ave_delta": -0.041650547281462856,
    "rm_own:ave_delta_ratio": -0.07325343138888944,
    "eh_own:ave_delta": 0.07726685756606402,
    "eh_own:ave_delta_ratio": 0.13589407147765983,
    "oth:ori_prob": [],
    "rm_oth:ave_delta": [],
    "rm_oth:ave_delta_ratio": null,
    "eh_oth:ave_delta": [],
    "eh_oth:ave_delta_ratio": null
  },
  "kn_bag-P1303": {
    "own:ori_prob": 0.012286498076391176,
    "rm_own:ave_delta": -0.0031324900381899563,
    "rm_own:ave_delta_ratio": -0.2549538541180515,
    "eh_own:ave_delta": 0.020565074520166638,
    "eh_own:ave_delta_ratio": 1.6737946314973964,
    "oth:ori_prob": [],
    "rm_oth:ave_delta": [],
    "rm_oth:ave_delta_ratio": null,
    "eh_oth:ave_delta": [],
    "eh_oth:ave_delta_ratio": null
  },
  "kn_bag-P106": {
    "own:ori_prob": 0.012640491210959847,
    "rm_own:ave_delta": -0.0030124405565626023,
    "rm_own:ave_delta_ratio": -0.23831673202309475,
    "eh_own:ave_delta": 0.011633981326061143,
    "eh_own:ave_delta_ratio": 0.9203741478000462,
    "oth:ori_prob": [],
    "rm_oth:ave_delta": [],
    "rm_oth:ave_delta_ratio": null,
    "eh_oth:ave_delta": [],
    "eh_oth:ave_delta_ratio": null
  },
  "kn_bag-P37": {
    "own:ori_prob": 0.33477653657538453,
    "rm_own:ave_delta": -0.11290548702697605,
    "rm_own:ave_delta_ratio": -0.33725627304096367,
    "eh_own:ave_delta": 0.1914378309614535,
    "eh_own:ave_delta_ratio": 0.5718376589941984,
    "oth:ori_prob": [],
    "rm_oth:ave_delta": [],
    "rm_oth:ave_delta_ratio": null,
    "eh_oth:ave_delta": [],
    "eh_oth:ave_delta_ratio": null
  },
  "kn_bag-P27": {
    "own:ori_prob": 0.13143534397535195,
    "rm_own:ave_delta": -0.027916799267889134,
    "rm_own:ave_delta_ratio": -0.21239948421426408,
    "eh_own:ave_delta": 0.07976959131141861,
    "eh_own:ave_delta_ratio": 0.6069112682991706,
    "oth:ori_prob": [],
    "rm_oth:ave_delta": [],
    "rm_oth:ave_delta_ratio": null,
    "eh_oth:ave_delta": [],
    "eh_oth:ave_delta_ratio": null
  },
  "kn_bag-P364": {
    "own:ori_prob": 0.14848380170601055,
    "rm_own:ave_delta": -0.06424301607489583,
    "rm_own:ave_delta_ratio": -0.43266009717405624,
    "eh_own:ave_delta": 0.2160929551090203,
    "eh_own:ave_delta_ratio": 1.4553301614466472,
    "oth:ori_prob": [],
    "rm_oth:ave_delta": [],
    "rm_oth:ave_delta_ratio": null,
    "eh_oth:ave_delta": [],
    "eh_oth:ave_delta_ratio": null
  },
  "kn_bag-P279": {
    "own:ori_prob": 0.22024509385778054,
    "rm_own:ave_delta": -0.06897995297700757,
    "rm_own:ave_delta_ratio": -0.31319632037547307,
    "eh_own:ave_delta": 0.198742145804273,
    "eh_own:ave_delta_ratio": 0.902368095121371,
    "oth:ori_prob": [],
    "rm_oth:ave_delta": [],
    "rm_oth:ave_delta_ratio": null,
    "eh_oth:ave_delta": [],
    "eh_oth:ave_delta_ratio": null
  },
  "kn_bag-P127": {
    "own:ori_prob": 0.049535907230379414,
    "rm_own:ave_delta": -0.008290449415665544,
    "rm_own:ave_delta_ratio": -0.1673624221134921,
    "eh_own:ave_delta": 0.046159308830133534,
    "eh_own:ave_delta_ratio": 0.9318353374544622,
    "oth:ori_prob": [],
    "rm_oth:ave_delta": [],
    "rm_oth:ave_delta_ratio": null,
    "eh_oth:ave_delta": [],
    "eh_oth:ave_delta_ratio": null
  },
  "kn_bag-P190": {
    "own:ori_prob": 0.012018812045770664,
    "rm_own:ave_delta": -0.00601241886207077,
    "rm_own:ave_delta_ratio": -0.50025067695326,
    "eh_own:ave_delta": 0.03107778434385995,
    "eh_own:ave_delta_ratio": 2.5857617396384867,
    "oth:ori_prob": [],
    "rm_oth:ave_delta": [],
    "rm_oth:ave_delta_ratio": null,
    "eh_oth:ave_delta": [],
    "eh_oth:ave_delta_ratio": null
  },
  "kn_bag-P101": {
    "own:ori_prob": 0.010826340626304411,
    "rm_own:ave_delta": -0.004467406251708572,
    "rm_own:ave_delta_ratio": -0.4126423143249584,
    "eh_own:ave_delta": 0.014920491108610209,
    "eh_own:ave_delta_ratio": 1.378165681611603,
    "oth:ori_prob": [],
    "rm_oth:ave_delta": [],
    "rm_oth:ave_delta_ratio": null,
    "eh_oth:ave_delta": [],
    "eh_oth:ave_delta_ratio": null
  },
  "kn_bag-P740": {
    "own:ori_prob": 0.014062080930039696,
    "rm_own:ave_delta": -0.008946666781960272,
    "rm_own:ave_delta_ratio": -0.6362263754895782,
    "eh_own:ave_delta": -0.0058606991921361885,
    "eh_own:ave_delta_ratio": -0.41677325150479305,
    "oth:ori_prob": [],
    "rm_oth:ave_delta": [],
    "rm_oth:ave_delta_ratio": null,
    "eh_oth:ave_delta": [],
    "eh_oth:ave_delta_ratio": null
  },
  "kn_bag-P530": {
    "own:ori_prob": 0.013046584928149934,
    "rm_own:ave_delta": -0.0046729939083157155,
    "rm_own:ave_delta_ratio": -0.3581775563529304,
    "eh_own:ave_delta": 0.03238757162867697,
    "eh_own:ave_delta_ratio": 2.4824558922539186,
    "oth:ori_prob": [],
    "rm_oth:ave_delta": [],
    "rm_oth:ave_delta_ratio": null,
    "eh_oth:ave_delta": [],
    "eh_oth:ave_delta_ratio": null
  },
  "kn_bag-P495": {
    "own:ori_prob": 0.05239269594842554,
    "rm_own:ave_delta": -0.019948224830729028,
    "rm_own:ave_delta_ratio": -0.3807443856366107,
    "eh_own:ave_delta": 0.023856895371178712,
    "eh_own:ave_delta_ratio": 0.45534773386471705,
    "oth:ori_prob": [],
    "rm_oth:ave_delta": [],
    "rm_oth:ave_delta_ratio": null,
    "eh_oth:ave_delta": [],
    "eh_oth:ave_delta_ratio": null
  },
  "kn_bag-P413": {
    "own:ori_prob": 0.04619690335831583,
    "rm_own:ave_delta": -0.0055395024906175015,
    "rm_own:ave_delta_ratio": -0.11991068855095337,
    "eh_own:ave_delta": 0.004256341534885298,
    "eh_own:ave_delta_ratio": 0.0921347801577077,
    "oth:ori_prob": [],
    "rm_oth:ave_delta": [],
    "rm_oth:ave_delta_ratio": null,
    "eh_oth:ave_delta": [],
    "eh_oth:ave_delta_ratio": null
  },
  "kn_bag-P176": {
    "own:ori_prob": 0.3881137673489207,
    "rm_own:ave_delta": -0.056465019969070704,
    "rm_own:ave_delta_ratio": -0.14548574340654016,
    "eh_own:ave_delta": 0.14844678032040132,
    "eh_own:ave_delta_ratio": 0.3824826450615064,
    "oth:ori_prob": [],
    "rm_oth:ave_delta": [],
    "rm_oth:ave_delta_ratio": null,
    "eh_oth:ave_delta": [],
    "eh_oth:ave_delta_ratio": null
  },
  "kn_bag-P136": {
    "own:ori_prob": 0.007516800872719236,
    "rm_own:ave_delta": -0.002237675310356392,
    "rm_own:ave_delta_ratio": -0.29768984814771376,
    "eh_own:ave_delta": 0.019785471989412443,
    "eh_own:ave_delta_ratio": 2.6321665725135754,
    "oth:ori_prob": [],
    "rm_oth:ave_delta": [],
    "rm_oth:ave_delta_ratio": null,
    "eh_oth:ave_delta": [],
    "eh_oth:ave_delta_ratio": null
  },
  "kn_bag-P19": {
    "own:ori_prob": 0.01660077734666986,
    "rm_own:ave_delta": -0.0036584559180506534,
    "rm_own:ave_delta_ratio": -0.2203785908124685,
    "eh_own:ave_delta": 0.02083501166160787,
    "eh_own:ave_delta_ratio": 1.255062412230196,
    "oth:ori_prob": [],
    "rm_oth:ave_delta": [],
    "rm_oth:ave_delta_ratio": null,
    "eh_oth:ave_delta": [],
    "eh_oth:ave_delta_ratio": null
  },
  "kn_bag-P407": {
    "own:ori_prob": 0.2828095286133863,
    "rm_own:ave_delta": -0.054922152982262204,
    "rm_own:ave_delta_ratio": -0.19420191834251568,
    "eh_own:ave_delta": 0.2083361191952578,