{
  "kn_bag-P19": {
    "own:ori_prob": 0.01660077734666986,
    "rm_own:ave_delta": -0.0036584559180506534,
    "rm_own:ave_delta_ratio": -0.2203785908124685,
    "eh_own:ave_delta": 0.004268797245975525,
    "eh_own:ave_delta_ratio": 0.2571444190131164,
    "oth:ori_prob": 0.13067229772808506,
    "rm_oth:ave_delta": 0.0025774784881014952,
    "rm_oth:ave_delta_ratio": 0.019724750638922334,
    "eh_oth:ave_delta": -0.002864084656559659,
    "eh_oth:ave_delta_ratio": -0.021918070672634148
  },
  "kn_bag-P140": {
    "own:ori_prob": 0.1902723088033833,
    "rm_own:ave_delta": -0.03062389633045079,
    "rm_own:ave_delta_ratio": -0.16094773077093316,
    "eh_own:ave_delta": 0.03110023639156097,
    "eh_own:ave_delta_ratio": 0.16345119574755465,
    "oth:ori_prob": 0.15308697459881873,
    "rm_oth:ave_delta": -0.00039198430191845395,
    "rm_oth:ave_delta_ratio": -0.0025605333369850174,
    "eh_oth:ave_delta": -0.00018210453361612429,
    "eh_oth:ave_delta_ratio": -0.0011895494969010214
  },
  "kn_bag-P136": {
    "own:ori_prob": 0.007516800872719236,
    "rm_own:ave_delta": -0.002237675310356392,
    "rm_own:ave_delta_ratio": -0.29768984814771376,
    "eh_own:ave_delta": 0.0030454834611537947,
    "eh_own:ave_delta_ratio": 0.4051568629690303,
    "oth:ori_prob": 0.1464794627803319,
    "rm_oth:ave_delta": 0.0006197504390757895,
    "rm_oth:ave_delta_ratio": 0.004230971545855538,
    "eh_oth:ave_delta": -0.0008499260605301537,
    "eh_oth:ave_delta_ratio": -0.005802356483275381
  },
  "kn_bag-P138": {
    "own:ori_prob": 0.1015811579810137,
    "rm_own:ave_delta": -0.03172129683332485,
    "rm_own:ave_delta_ratio": -0.3122754009090328,
    "eh_own:ave_delta": 0.03645059576344329,
    "eh_own:ave_delta_ratio": 0.35883225283035447,
    "oth:ori_prob": 0.13577499584508768,
    "rm_oth:ave_delta": -0.0006203761298734621,
    "rm_oth:ave_delta_ratio": -0.004569148583007725,
    "eh_oth:ave_delta": 0.00019017767268527966,
    "eh_oth:ave_delta_ratio": 0.001400682588878608
  },
  "kn_bag-P740": {
    "own:ori_prob": 0.014062080930039696,
    "rm_own:ave_delta": -0.008946666781960272,
    "rm_own:ave_delta_ratio": -0.6362263754895782,
    "eh_own:ave_delta": 0.0022881900734435297,
    "eh_own:ave_delta_ratio": 0.16272058771582326,
    "oth:ori_prob": 0.14458979088192997,
    "rm_oth:ave_delta": -0.0011559060551231833,
    "rm_oth:ave_delta_ratio": -0.007994382231779285,
    "eh_oth:ave_delta": -0.00016602814527010495,
    "eh_oth:ave_delta_ratio": -0.0011482701804699424
  },
  "kn_bag-P1303": {
    "own:ori_prob": 0.012286498076391176,
    "rm_own:ave_delta": -0.0031324900381899563,
    "rm_own:ave_delta_ratio": -0.2549538541180515,
    "eh_own:ave_delta": 0.003762341532325506,
    "eh_own:ave_delta_ratio": 0.30621756573217085,
    "oth:ori_prob": 0.13060458949099954,
    "rm_oth:ave_delta": 6.27560320981877e-05,
    "rm_oth:ave_delta_ratio": 0.0004805040339146156,
    "eh_oth:ave_delta": -0.00017351280675270743,
    "eh_oth:ave_delta_ratio": -0.0013285352944251998
  },
  "kn_bag-P364": {
    "own:ori_prob": 0.14848380170601055,
    "rm_own:ave_delta": -0.06424301607489583,
    "rm_own:ave_delta_ratio": -0.43266009717405624,
    "eh_own:ave_delta": 0.07633536443492525,
    "eh_own:ave_delta_ratio": 0.5140989357617938,
    "oth:ori_prob": 0.15469172724763364,
    "rm_oth:ave_delta": -0.007183428544726905,
    "rm_oth:ave_delta_ratio": -0.04643705692953785,
    "eh_oth:ave_delta": 0.005318997646272839,
    "eh_oth:ave_delta_ratio": 0.03438449968147347
  },
  "kn_bag-P495": {
    "own:ori_prob": 0.05239269594842554,
    "rm_own:ave_delta": -0.019948224830729028,
    "rm_own:ave_delta_ratio": -0.3807443856366107,
    "eh_own:ave_delta": 0.012705801364447256,
    "eh_own:ave_delta_ratio": 0.2425109289461765,
    "oth:ori_prob": 0.12667641392364673,
    "rm_oth:ave_delta": 0.002135501912392594,
    "rm_oth:ave_delta_ratio": 0.016857928372362607,
    "eh_oth:ave_delta": -0.0019189840710371424,
    "eh_oth:ave_delta_ratio": -0.01514870852117582
  },
  "kn_bag-P36": {
    "own:ori_prob": 0.36339422610773814,
    "rm_own:ave_delta": -0.08088999069264746,
    "rm_own:ave_delta_ratio": -0.22259569602700682,
    "eh_own:ave_delta": 0.06088783854496763,
    "eh_own:ave_delta_ratio": 0.16755312597321173,
    "oth:ori_prob": 0.12025945139629812,
    "rm_oth:ave_delta": -5.053554452714591e-05,
    "rm_oth:ave_delta_ratio": -0.000420220980059298,
    "eh_oth:ave_delta": -0.00029330021611359797,
    "eh_oth:ave_delta_ratio": -0.002438895344259208
  },
  "kn_bag-P101": {
    "own:ori_prob": 0.010826340626304411,
    "rm_own:ave_delta": -0.004467406251708572,
    "rm_own:ave_delta_ratio": -0.4126423143249584,
    "eh_own:ave_delta": 0.004430827486551722,
    "eh_own:ave_delta_ratio": 0.4092636320518387,
    "oth:ori_prob": 0.1488848606193056,
    "rm_oth:ave_delta": -0.0014367969186057747,
    "rm_oth:ave_delta_ratio": -0.009650389654322371,
    "eh_oth:ave_delta": 0.000991923485839359,
    "eh_oth:ave_delta_ratio": 0.006662352919654333
  },
  "kn_bag-P413": {
    "own:ori_prob": 0.04619690335831583,
    "rm_own:ave_delta": -0.0055395024906175015,
    "rm_own:ave_delta_ratio": -0.11991068855095337,
    "eh_own:ave_delta": 0.004476519869597529,
    "eh_own:ave_delta_ratio": 0.0969008644340599,
    "oth:ori_prob": 0.13088258701248046,
    "rm_oth:ave_delta": 0.00012548893790743137,
    "rm_oth:ave_delta_ratio": 0.0009587901704255375,
    "eh_oth:ave_delta": -0.00015030492233141196,
    "eh_oth:ave_delta_ratio": -0.0011483951055848206
  },
  "kn_bag-P407": {
    "own:ori_prob": 0.2828095286133863,
    "rm_own:ave_delta": -0.054922152982262204,
    "rm_own:ave_delta_ratio": -0.19420191834251568,
    "eh_own:ave_delta": 0.05370614311681996,
    "eh_own:ave_delta_ratio": 0.18990216977532867,
    "oth:ori_prob": 0.13252556760499193,
    "rm_oth:ave_delta": -0.0030680490919402868,
    "rm_oth:ave_delta_ratio": -0.023150620271893258,
    "eh_oth:ave_delta": 0.001920787022781466,
    "eh_oth:ave_delta_ratio": 0.014493709081907863
  },
  "kn_bag-P1412": {
    "own:ori_prob": 0.13453535689238236,
    "rm_own:ave_delta": -0.07791733290134426,
    "rm_own:ave_delta_ratio": -0.5791587780428007,
    "eh_own:ave_delta": 0.09119173476396582,
    "eh_own:ave_delta_ratio": 0.6778272780508695,
    "oth:ori_prob": 0.14268762404008492,
    "rm_oth:ave_delta": -0.00595843472518611,
    "rm_oth:ave_delta_ratio": -0.041758595149865414,
    "eh_oth:ave_delta": 0.0037357508554900012,
    "eh_oth:ave_delta_ratio": 0.026181323577443023
  },
  "kn_bag-P20": {
    "own:ori_prob": 0.020211117195178194,
    "rm_own:ave_delta": -0.010381758079302361,
    "rm_own:ave_delta_ratio": -0.5136657206549254,
    "eh_own:ave_delta": 0.01576661330397384,
    "eh_own:ave_delta_ratio": 0.7800960803757703,
    "oth:ori_prob": 0.12527209148149665,
    "rm_oth:ave_delta": -0.0012295167010014825,
    "rm_oth:ave_delta_ratio": -0.009814769486650493,
    "eh_oth:ave_delta": 0.0005096907288744085,
    "eh_oth:ave_delta_ratio": 0.004068669428654765
  },
  "kn_bag-P103": {
    "own:ori_prob": 0.4265900332660202,
    "rm_own:ave_delta": -0.16290979975292105,
    "rm_own:ave_delta_ratio": -0.3818884339741032,
    "eh_own:ave_delta": 0.11503133508285697,
    "eh_own:ave_delta_ratio": 0.26965312387203333,
    "oth:ori_prob": 0.1397074500466681,
    "rm_oth:ave_delta": -0.005556416872735971,
    "rm_oth:ave_delta_ratio": -0.039771800794301926,
    "eh_oth:ave_delta": 0.003967589715457899,
    "eh_oth:ave_delta_ratio": 0.028399270863025267
  },
  "kn_bag-P463": {
    "own:ori_prob": 0.2718859949399483,
    "rm_own:ave_delta": -0.028918504740441196,
    "rm_own:ave_delta_ratio": -0.10636261256056403,
    "eh_own:ave_delta": 0.027225602309131437,
    "eh_own:ave_delta_ratio": 0.100136096804636,
    "oth:ori_prob": 0.10491951957166433,
    "rm_oth:ave_delta": -0.0011496434656072874,
    "rm_oth:ave_delta_ratio": -0.010957384005385517,
    "eh_oth:ave_delta": 0.0008942297747567801,
    "eh_oth:ave_delta_ratio": 0.00852300676182552
  },